comment_id,text_clean
Ugz9nD6YM8j3bIVwXbJ4AaABAg,vaaste soo close heart billion family thankyou watch song love support
Ugzp8pf4ETKxJTgFh7l4AaABAg,come day masterpiece billion finally reach billion congratulation t series love canada
UgwPnsYKaUo2yE0JSbV4AaABAg,exactly aaj mera exam tha par jisse mere aage baithna tha will toh aaya hi nahi ab bachi meri answer sheet aur ye bina cap ki pen jo kiska hai pata nahi bench ke niche pada mila tha lekin abb pen ne bhi likhna band kar diya ab kyawaah kismat
UgzD8dXm4nDQukRXNQJ4AaABAg,exactly aaj mera exam tha jisse mere age bethna tha will aya hi nhi bachi meri answer sheet aur ye bina cap ki pen jo kiska hai pata nhi bench k niche pada mila tha lekin ab iss pen ne bhi likhna band kar diya hai ab kya wahh kismat
UgxsLwJQ6gLfDkzRLoF4AaABAg,day suddenly remember masterpiece existsthis song legendary old song feeling didn t know
UgxhEaZmP6hrLTo-RL14AaABAg,hear sing live auto tune
Ugx1VnKId_Fd4o0AlXx4AaABAg,nikhil wt voice amazing bro
UgwDV4VwJUZbb6PE-bF4AaABAg,november
UgwyPWta_fc63aP-rP54AaABAg,s magic song became old
UgyPINoGtEDRZwTCyF94AaABAg,href appreciate voice
UgwibLFHBsn3Q9Wiepd4AaABAg,male voice amazing
Ugzpb-gMpVHbAVDM-JV4AaABAg,listen vaaste million view love
UgzqhFpxf6yELYZ50LB4AaABAg,single valentine s br high
UgxLQJ51AntI-UUDXpZ4AaABAg,listen english song manytime mugician amp singer
UgzCUdbHdSrEQ_hv9-F4AaABAg,today th september let s legend listen masterpiece
UgyqLd5T38J2vSRwX_14AaABAg,congrat million cross br soon t series go witness br congrat
UgwMT2751ZNc3-jgHMN4AaABAg,day ve list write lyric funny na gys miss day
UgxdgPzw4KX8AnvV2M54AaABAg,wale hai kya
UgwP2eaLt9x426rJFIl4AaABAg,min silence mobile phone throw window actually survive
Ugz1MTV3LFPZgqzK2bF4AaABAg,handsome u r siddharth gupta think hit like
UgzMVwH7GmTV4NigNDZ4AaABAg,beautiful song hidden beautiful message beautifully picturize song amp message life door close surely open thankyou universe
UgycvtqItdeNh8ee0Kd4AaABAg,href s year t believe covid friend s sing song class enjoy lot
Ugy6nBr7HvrQJEjz91B4AaABAg,wait song complete billion
Ugy18sryjKD_2QaTXih4AaABAg,m luvng siddharth gupta br eye man
UgxKgJXWyqSAlq9DhRp4AaABAg,m myanmar music good
Ugw6DDVUkMikDaZTlz54AaABAg,song get like song t series proof s popularity
UgxesOL5bMTwVmjlpnB4AaABAg,love song lot hashtag wowwwwwwwww br
UgzlEPvdzV-OCtooZO54AaABAg,vaaste rd indian song reach b million like br st nd million like br congrationlation dhvani bhanushali
UgxIAF_RR4RpwwJsFth4AaABAg,come blue watch suddenly change watch
Ugz_WRsgcPABLaFEcvh4AaABAg,s awesome br version nikhil t series
Ugz1rot2ZrhBkc5DqhZ4AaABAg,song complete billion br achievement
UgwU3BxaZXPlXKpRQfB4AaABAg,quot vaste song quot million view cross billion
UgzPliDZo-aJB5sgqah4AaABAg,year race million miss time friend like d chat time nowadays don t talk anymore
UgxL7F8NIWk2eazmoeF4AaABAg,happy m view vaaste br happy m subcriber t series
UgxMKVxVCN0UutlDdrB4AaABAg,hey br t series release nikhil s br solo song plzzz
UgztwQqEsc03CliJq414AaABAg,nice superb m fall love song plz continue love story
UgzcwUawJ6HLKuVg_MV4AaABAg,b congratulation advance b br vaaste m view br t series m subscriber
UgyER69Dkea2MegZoNB4AaABAg,guy handsome btw great song
Ugz9g8ckA6PPIWsoNmJ4AaABAg,listen song everyday wake thousand time
UgxXawSSz970vkRSXvJ4AaABAg,wish happy birthday love abhikalp meri maa parvati tumhare lia samarpit hai ye jindagi
UgxFZaEu76gBgLgeHsd4AaABAg,good song br indonesia dj br love indonesia br edit good song thank
UgzPs7H3eh4szJz1cMx4AaABAg,soooo gud song yr male voice superb like
Ugxj_eSjg-UDzRkMmNt4AaABAg,indian solo song cross b view hatss
Ugy3HaIfaQcIngQmGMV4AaABAg,pichle salo se sun ra hun esko kabhi man hi bhara es song se love song
UgwEYq2TIsOthDjpZ0F4AaABAg,nostalgia song hold unexplainable
UgzDSoyExQj7qQ9e4nV4AaABAg,nice song br nice story br nice voice br fast speed come
Ugxj9WC7QjeDn6Ag_cF4AaABAg,good br mein teri hoon comment br vaaste like
Ugz-iAd8eoliZBmawO14AaABAg,philippine
UgzBL_vm9UuZyRl7Xs94AaABAg,listen href repeat hit like br thank u sab log like karne ki liye br br u tell plz
UgzwHU9tfjl4dHxGAhd4AaABAg,day t series number
Ugx4MaMpa5mzPkBl3yJ4AaABAg,congrats dhvani billion view vaaste leja
Ugw2u5NBM8NY5dcU0qV4AaABAg,nice song like song
UgyU_RZjllHsc230fwB4AaABAg,real male version genius nikkil d sir highlight genius man
Ugxua-mY3gHRXXw7pMp4AaABAg,don t know video song remind falguni pathak video song
UgwByYnepiHKenMooyp4AaABAg,millions t series subscriber congratulation
UgyxNvP-52IwcYUnriJ4AaABAg,good old day
UgwUDYxdzc5uFShLhcN4AaABAg,want dhvani hero siddharth album
UgwZBy7Nj7tzQ5QELzx4AaABAg,march let s legend listen masterpiece popular song year s quot
Ugwsro0uwz3sp_TPwKB4AaABAg,href handsome hunk
UgzuLcxw5Hso7iyJr5h4AaABAg,nice song hear good indian song
UgyUz94UnD-Jj5z7xV94AaABAg,good song listen boy voice excellent
UgzN3Ki0bpEz1uer3xR4AaABAg,mana indonesia
UgwvnAoG_q_k2Ko5vSB4AaABAg,want record b think song life history ka good song bangladesh love
Ugyo8pMWmwQbrzwuz9J4AaABAg,single song short love story movie
UgwoQpxfiPmDCooxdI94AaABAg,love family parent like
UgyqqYqQrp_5VhV9i3d4AaABAg,dhanvi bhunashali proud br love song song
UgxmVsxAZMHSAUk5qrV4AaABAg,fvrt song br vry heart touching song
UgzdrRW5178f1H-8BOt4AaABAg,nice song love br congratulations t series m subscriber
UgytP1ZJw7cCDuWMxbZ4AaABAg,feeling siddharth look alike vatsal shet tarzan wonder car feel luv song singing home listen song
Ugz8He4plROJ0T7EGYd4AaABAg,t believe s year old remember listen moment itwa release k like m
UgyrBwvCLhajMwE-tqx4AaABAg,want male version vaaste nikhil voice original cover song
Ugz_BKL3oa2QSrbUbX54AaABAg,january
UgyAXlO0aFjn5u_eaqJ4AaABAg,good song
UgxYvKgkvXkbzNRGRvZ4AaABAg,vaaste song fantastic voice female dhvani bhanushali fantastic voice br like song plese like
UgyUAFIkxbloYmgnIhl4AaABAg,ye song mujhe annual day mein gaana hai br kiyuki br beautiful song
UgyP4Peu2RmIxLYK2ph4AaABAg,million milllion view br b br edit million view
Ugy4lMuT9qzH8ahqmcR4AaABAg,itlian friend lorenzo send video chat m listen
UgwHLo9cfDZG7118oT54AaABAg,super song love hit like hear
UgwcjT-4-YkBFOsKUeV4AaABAg,super song br boy voice amazing dhavni s voice agree hit like
UgzhGX4Ls5fDYf--iAV4AaABAg,listen song long time
UgxFTH63enM3B0BfcEt4AaABAg,href wow
UgxHwIc5V6WSilobtb14AaABAg,view b br like m br comment k
Ugyde_2sltB90tfN6Wd4AaABAg,wow amazing voice l love song u
UgwKtt9aPiWAj74vAaN4AaABAg,good song vibe
Ugz5HWIy0SzKzwCPZjV4AaABAg,t series day number
UgyRKzsP7cgTor2JlU94AaABAg,href href href amazing brilliant wow favourite song
UgzIENHqCa86vQvPfOl4AaABAg,m leave comment heart like month year remind song quot quot
UgwYc-2dUQ6E74cashR4AaABAg,cutis jodi sathi ke sath song good lageta h
UgwKyYstfEzT2BzBMVx4AaABAg,think video cross leja
UgylscHX_67B7PDM9e94AaABAg,href minute silence loudly voice mic
UgwU6CdCdizshw1OkXB4AaABAg,woh song story wow fully pack block buster
UgxhZFLK1O1MfRAlhx14AaABAg,m bangladesh love bangladesh
UgzfrdV2EhJDaIXMztd4AaABAg,vaaste beautiful song favourite song
UgylN4QdYqU0kpcCOdl4AaABAg,dhvani voice nice time
UgwouChcfiZdQQnCXV14AaABAg,hi dhwani year old daughter big fan dance song respect bless
UgwAZhOlWNVJaiKU2D94AaABAg,omg love song s ve listen m cambodai don t know song mean feel voice song s beautiful voice
Ugwf1XKxOLZ64j9j5014AaABAg,kon kon sun raha hai
UgxS2u8oHbhc9Zc-9Dt4AaABAg,take time understand song seriously s awesome
UgxfUWCcu-eyGkm_SM94AaABAg,hit like dhwani br list billionaire view video br love bangalore
UgzhRYzU_eR-EXgj9Rh4AaABAg,favourite song
Ugxp29uya-LYI02iM6p4AaABAg,phone strong nokia
UgyptMibW_4BXNpjCkN4AaABAg,href wonder phone survive
UgzPTsgYaH6QC7lrlMJ4AaABAg,href joss
UgxKkcZEruQzTlUSAG14AaABAg,feel different
UgybXxW2CrlWfzPBZBp4AaABAg,href chubby version neha kakkar
Ugw52dLE8FK4xIsZ0kl4AaABAg,s crazy people come everyday
UgwC6S4fCbXFvy8bxbt4AaABAg,heart touch m rone hi lg gye
Ugzn0ZQwmOZ5tKgfZAt4AaABAg,lakh fir b ho jayenge view itni khushi aaye haaye
UgwA1-P1NxzyJBHW33Z4AaABAg,b understand b br b enjoy b br b dance b
UgzwRbEyflWgqTLrMFt4AaABAg,lover love don t know love love forever yesterday go holiday trip family doesn t talk lastly t lift luggage come near luggage luggage take luggage love sooo relative neighbour talk closely miss
Ugw1mJnweUeQvayUGVt4AaABAg,love favourite favourite favourite song
UgxpW1XUtpZ_LOH-Qm54AaABAg,exactly watch song broken phone
UgyOMRviPGYWW91jUB94AaABAg,don t know remember camp rock watch
UgwrVzaw6yvtoUh-01t4AaABAg,href super lyric
UgwkI37-W9cZISK49lR4AaABAg,favorite love song india song touch heart tho t understand language feel song br br love philippine
UgzJBH_XpUwPS4CQeI54AaABAg,time favorite vaaste time favorite dhvani bhanushali favorite singer dhvani favorite song vaaste hit like comment
Ugxt3ojeEHxWqCqo8-B4AaABAg,hear forget favourite song
UgzqErkuOyUuqdJTxLl4AaABAg,let know notice sumbul song br
Ugzt2yGDJgzmWhZOMnV4AaABAg,na aisa koi song tha na aayegaa yaad rakhna good song
UgyO0ww0qTA7E8nav4l4AaABAg,song favourite song z
Ugw_O-d6i_LpPMfIt154AaABAg,href cullen prettiest edward cullen
UgxnswQQXl_Ob7eM6oB4AaABAg,r suppose shout inside library
UgyRunjpTW-tB728gXx4AaABAg,oktober baru lihat dan denger ini kudet gua nih br ada yang baru denger juga kah
UgxHJSTRxSr917xeAYN4AaABAg,think month song cover total india population view
UgxUQcDJtYuY7QP-gn54AaABAg,omg b august
Ugw53oX3YZw8uo5Digh4AaABAg,billion view br favorite song
Ugw2w9L5ZUN8xE3p9yF4AaABAg,add like watch quarantine time
UgwhLOgzG_UckLhyIiJ4AaABAg,want movie base song s story
UgzWXpmqXM4wqBUpv454AaABAg,play morning
UgzHdBNN4zsrfXg6hCV4AaABAg,kon kon dekh raha hai
Ugx8HF5U3PcSpzMjKaR4AaABAg,listen september
Ugw1pnVhd5cFYPU-li54AaABAg,song well br vaaste like br leja le comment
Ugw8ussNTx-1xykzZOF4AaABAg,favourite song stay nice
UgwcOCXeMZbgB3vHzNp4AaABAg,bhai mast song hai
UgwBZAO8y9ABc5u8TN14AaABAg,t series million suscriber thank dhvani br br br dhvani yes win diamond button
UgzOZm1bdgYbAo-dKZJ4AaABAg,million view like thing perfectly balanced
Ugxk3KQZF1HcDFJqacp4AaABAg,indonesia mana suaranya eh salah maksudnya like wkwwk br br aku suka lagunya br siapa yang sama dengan pendapat ku
UgxYwdT8h45KqKjz9rh4AaABAg,movie pleaee
Ugze8n6J-8lbUtfYwdB4AaABAg,love dhvani bhanushali want singer like
Ugz4YXJaf79L1MiuIfJ4AaABAg,think achieve want s matter time invest spend m net worth
UgzdMdS6qG3SInECsOx4AaABAg,like br
Ugyvc99sAxmCujN75QR4AaABAg,wale attendance dedo bhaiyo
UgyZqkoCOvkgbSybaLt4AaABAg,good br vaaste like br leja laja comment
Ugy5Ru8ZrtPlAg6pUzx4AaABAg,href goosebump
UgzFabornuYjlD4PrU94AaABAg,watch song lockdown hit like
Ugyst_gMpzL2pdMxbe54AaABAg,singer sing song br sir kk like emotion confidently say reach level kk s legacy term soulful singing love kk sir everyday dose life
Ugz8FpeKvuZ3Uc3oswF4AaABAg,perfect movie want watch
Ugw4nY4TAoIzN7Gqi7x4AaABAg,billion view baap
UgxyLvfz5d4wH34XC4F4AaABAg,habit read comment video
Ugw6pPBxX_q0Jj8YEdV4AaABAg,indonesia
UgxIsYRAmWoCLrqbr_l4AaABAg,song ko u tube bhaut promote karta h
Ugw39E7Hi8gl4xWuLWZ4AaABAg,song awesome br vaaste like br slowly slowly comment
Ugx5RG7E5oxnY7E4Mjt4AaABAg,malayali like adi
UgyW2oPMUHPvwqMszKF4AaABAg,comment b view
Ugy6cbsioL2VwYIM5m94AaABAg,ol boa noite algu m sabe dizer se essa m sica pertence qual s rie estou louca pra assistir pois amo essa m sica
UgyHouZl_INx7K7lOHF4AaABAg,href lol sing mic great song
UgwoAnCy_UTludmHJg54AaABAg,pov remember channel exist sort popular
Ugy-1mFwnCmBGrsusJF4AaABAg,use headphone silent live eye close filling sound
UgzDmK-vlYuEJtkXx5R4AaABAg,million like br
Ugx2wAiQNAjN4ulPI9F4AaABAg,fun fact view yesterday s quot india good dancer quot
UgwnXpsiAOwGkpnwoaB4AaABAg,href credit go skam boy
Ugy3VJVsPsSV6BczliR4AaABAg,song include movie like bollywood br br namaste indonesia
Ugz67rfUefcIogdpSG94AaABAg,sing beautiful
Ugz-nwHNh_2F5fcSl7Z4AaABAg,s watch lock br pray italy nation
UgzOvkeudx7i3V9otD94AaABAg,nice
UgyT-PQIVpVxqBL0Gf14AaABAg,let s imagine people come
UgzoCrVPmycjds3J6gV4AaABAg,kon kon july sun rha hai
Ugxf2lXpGpqV4GcTYvN4AaABAg,far well act br compare br main tare hoon
Ugz3Rpp8F5A0ozpLk0B4AaABAg,song beautiful
UgwyE1V9y5sDbHrj_yB4AaABAg,b skip b b href b b href necessary b
Ugz2TFPJVbNXE8teXsJ4AaABAg,parent u phone br collect blessing
UgwRrfdvsBIrNnqcQDx4AaABAg,href href come s
UgyX4zQNq4WDG64qbDR4AaABAg,nice vaaste
Ugzc0EydWOtVo3e2CsF4AaABAg,like song love song s love song
Ugxv3cN7k8X3JhMXPu94AaABAg,nice touch heart love life song
UgwYWcSxNalJSLxmrtZ4AaABAg,href s hard watch odd feeling
UgzpPEP80Dkm5T3Y7uF4AaABAg,male voice amqze
UgwtxxHT_fNTpJBkzXZ4AaABAg,go cross billion br share guy
UgweArBSii6SywSDXap4AaABAg,b phone interesting battery hit b
Ugz1vIohzGnwb77i8Vx4AaABAg,br song br hit like
Ugxhbz-aMyf1Iy8ZVzZ4AaABAg,nov ma ko kon son ra ha
UgyVLvX4z-1C8lAvdGN4AaABAg,plzzz story continue
UgzKAGSFBpeNpsCbkY94AaABAg,watch song time yes hit like
Ugy1Xv6fp_-dT9OltOV4AaABAg,href pal gua tunggu enak aja gitu dengernya
UgxRbfXJF1F_KfjCcYh4AaABAg,song awesome br href ye wala scene nahi dalana chahiye tha iski koi jarurat nahi thi
UgxfIcU23lRcpGuXcsJ4AaABAg,july
UgwGi-A5RM9OUD48Voh4AaABAg,phone definitely beat nokia drop test huh
Ugyt3pzJ9XCwshTVM594AaABAg,wale kaha geye
Ugw-YNb-ejd2lE93iwR4AaABAg,wale hai kya
UgwYAYr7IJEGUoNMKNd4AaABAg,october
UgyGG1uLSo4ie-97oNx4AaABAg,september
UgwbZiEpvj6J1U0GcfJ4AaABAg,kon kon sun rahe hai
UgzFe6T3a94IHlKx-f54AaABAg,listen vaaste million view love
UgxFCTBOH0kTw9MrbqV4AaABAg,november attendance
Ugx3QVz1N29IF91wnn14AaABAg,october waly idher aao
UgwhtXdcRvh78To4UK14AaABAg,december
Ugz7wH35fpKZ_F0OnzN4AaABAg,kon kon dekh raha ha
UgwezyGNoKPfW4r3vHZ4AaABAg,koi dekh raha hai kya
Ugw3Bl-7Em0xyGm87_F4AaABAg,listen song january
UgwfobRcYmuuvXqeqW14AaABAg,aaj exactly mjaii shopping k liyai jaana tha par jin paisuu se shopping karni woh papa ne diyai nahii br bacha mera break heart aur meri shopping ki desire br joo kab puri hogi pata nahi par shopping k khwaab wooow joo pata nahii kis liyai haii br par meri sadness mai merai saathi ban gayaii
Ugzw3BsNPOfCF7_JM8N4AaABAg,b view complete
Ugz4K4dRFESHe778I4t4AaABAg,dhvani exactly mera break hogya br judge haww br dhvani koi baat nhi baje nya pata liya
UgzLdMTaq3hjnGbtZ3p4AaABAg,love song wwwwwwaaaaoooo
UgyauGjIyDbaSNYsIj94AaABAg,like song
UgwyPNSdoMmyhFWaWoV4AaABAg,s watch sing song
UgwuS2HwYEurH-O_lkl4AaABAg,reality today s love subah breakup shaam ko new bf
UgwXuffyldTsvbwLz8l4AaABAg,come meme stay nikhil d souza s voice href
UgxWpLoGiJcNQ8iDS2Z4AaABAg,jay siya ram
UgwuJyRHl3zNAr1zONl4AaABAg,love listen
UgxnIHeMAoO5sB5AWlx4AaABAg,href moment memer world aag lagadi hai br hit like r href
UgxoBV2rirgA6EofIj54AaABAg,s watch performance dhvani kapil sharma
UgywtAceBJzKyvld8jN4AaABAg,indonesia br like india song
UgyskPdJzlT8N6prwQ14AaABAg,href future neha kakkar
UgyR1AxQkhgEWSrLxWd4AaABAg,song like br vaaste like br filhal comment
UgxkjUr96H5fRjnEbiZ4AaABAg,song life like href want
Ugwk5NhqXmMczblMhPl4AaABAg,ye song favourite song fan dhvani
UgyOF_WGeHQZTqpZg8J4AaABAg,r come b view
Ugxb01MDeZFs3MBc7B14AaABAg,come see b realize movie song
UgxH6yqFNPPYe4fGqnB4AaABAg,uh guy like br like fr siddharth gupta comment fr siddharth sharma
Ugw-3eQRrIVzJAAiHgh4AaABAg,cry happy afer listen masterpiece song bring memory old self friend simply day good
Ugx6WTZSR481zUzSBuB4AaABAg,october vale hajir hoo
UgxgA8W0YWcTLF0P5Jt4AaABAg,come guyz m like krte hai
Ugyzhk-oTCgDudU6NYd4AaABAg,come daily day
Ugyd4FSyyRqYAiIscTN4AaABAg,fav song
UgxvHEkwtyAEB0sZO0h4AaABAg,heart touch
Ugz2c2aJ1oZhhD0naUZ4AaABAg,kon kon dekh rha hai
UgyEO8lltNwGopWbbwV4AaABAg,watch video daily like
UgwptWMsNSdxy3GTaqZ4AaABAg,ik bar like kiya tha dobara like karaha tu like hogya tha emotional song
UgyuxzyIGjJa-vaWQnN4AaABAg,fun fact view yesterday s quot india good dancer quot
Ugy1itPyfWUKAGaBn9N4AaABAg,cool br siddharth gupta like br b dhvani bhanushali comment
UgwbLxaPpx9z0zAtD5h4AaABAg,exam go watch freely
Ugx7GM_vMuk5kluwc1F4AaABAg,bring childhood
UgzpR3di5DzoWIFR8mt4AaABAg,kon kon es song ko suna ha aur pasad aya like
UgwO-PNw15Ec0iAX3kR4AaABAg,love song billion view thumbnail billion br lol editor
Ugy7tVBg1T1ritdq3294AaABAg,come listen dialogue quot exactly aaj mera breakup hogya quot
UgwYdJOFmgAPEQMLEyN4AaABAg,kon kon sun rha hai
UgwhH_D0NOtAbP0mtdh4AaABAg,kon kon yeh song quarantine ke samay mein dekh rahe hain like karo
UgzLYgJ_vlT5kbvz-614AaABAg,href lol moment br isney sacchi mey jannat chod diya
UgzSwOSFsZkNKJoID8R4AaABAg,terciduk gawe marjan br terciduk gawa pangan br terfoku arep mangan br ohh bahagiaa br ada satee cang ijo mal gawa ya monggooo br kismoto kaneka monotoo
Ugyn4VPuhDw9UQjT6up4AaABAg,indonesia br like india song
Ugx40obj3ljRP2Trecd4AaABAg,wait billion view br hit like
UgxfIrEgRjKCPfCxrTt4AaABAg,august
UgzYF0IjHzeifMEIGLt4AaABAg,kon dekh hai ha
UgzKcw0VXsOb3FkoCu94AaABAg,jay shere ram
UgzQ9mkfiAGkIwH2smt4AaABAg,like doctor nurse policeman etc br like favorite singer dvani badushaie
UgwJVAotgHS2FVe9VEV4AaABAg,buetifull song
Ugz9r4uEUQFaCsBDrml4AaABAg,s wait b view
UgzGOfjFq02tMK0NP0Z4AaABAg,vaste song beautiful hai ye sab ni chalta hai main khushi hun bol rahi hun aapka naam kya hai comment mein batao
UgzsuPTUrQ-DTWq-32J4AaABAg,hear october
UgyP868TQZBgC3EoLOd4AaABAg,like listen lock
Ugx5bny_5QZihmCHgbd4AaABAg,href record instead play
Ugw_xqzkEXZxXdV4-sx4AaABAg,lockdown era gt gt gt gt gt
UgwHNb3dztRnKnp9nLN4AaABAg,billion veiw million watch time
Ugyx-2VIIQgyVnJ44kd4AaABAg,come billion br br br br br br br br br br br br br human
UgwEuBAGfbniyOoerih4AaABAg,href yeh agar naach rhe hai toh gaana kon baja rha hai
UgxCBJiwkW7srBjqT494AaABAg,super song
UgzFlqZLL1X3gfZKjCN4AaABAg,fun fact br verify account compete spame comment
Ugy0x-4-DtSBqbI9xzV4AaABAg,t believe iphone little damage go
UgxiWJR_lputl5zGhO54AaABAg,november
Ugw3EkUlU9lfj0UXRQh4AaABAg,old
Ugz_0Xkt2ksNyZEFKBh4AaABAg,song good br vaaste like br leja comment
UgxhPko3QQeWuLvfyEN4AaABAg,moment sing lound mouse
Ugwig8zeflNBXSCVx2J4AaABAg,apun ko bhi woich phone mangta h
UgzSqyeafZVyJUQKetB4AaABAg,kon kon ha
UgzUA_LpxYG_Qbggk714AaABAg,href href look cute
UgxXiIRe3Mhe-m3TbgR4AaABAg,m see m view
UgyBzuNU93t8lscsyLp4AaABAg,ya movie b hai kya
Ugz0FeGncOnAlDMPjw94AaABAg,s t series
Ugy3b4gVBz9i8efJ2it4AaABAg,href song time
Ugw3Lu5wQxWP_mwI_Dt4AaABAg,vaaste favourite song
UgxuoZA1QaBG94KwACZ4AaABAg,song overacting siddharth gupta guy song beautiful choreography
Ugw4lP-Elem6LVzfkTl4AaABAg,pahli bar kon sun raha href hai
Ugwm5djwGSQ3rkzddb54AaABAg,guy look like belong school
Ugx_5e7BlNx9z09DF7d4AaABAg,jab bhi upset hoti hu mujhe ye song fav yarrrr
UgzB68g-_f3tRZwfJRt4AaABAg,k comment u find comment ur legend
UgzutUkTbND9lvdO6C54AaABAg,s come listen song
UgwElwLO55wSsmPhUMZ4AaABAg,glamour auto tune dhwani
UgwBaOX3w_MQ6yplXtF4AaABAg,tell movie tv series m interested song
UgzlusA316b1TnaZpBx4AaABAg,hear song like aur ji ko yeh song pasand hai woh bhi like karo
UgyuDGsAbTEytzS4We54AaABAg,billion o vaaste tu bhi line mein laga huaa hai pehle bolna chahiye na br vaaste tu sunta hi nahi hai br
Ugzok2GVzxgq7vQcwj94AaABAg,malayalikal thazhe kanunna like buttonil neela paint adichechum pokuka
UgwVsS3s3aBN0V3eM114AaABAg,reflecte muito sobre uni o de duas brigas nao paro de ver o video
UgymjmbC723lw2_Cm2p4AaABAg,vaaste u like hit like button
UgyXiljT0Rj4G5_Hfap4AaABAg,sapa kat sini tengok video ni sebab terciduk lagi makan
UgyDr2M80hlUvfhHvhF4AaABAg,mental come ask listen song oct br
UgxMAS7xnYIkZDWkGrt4AaABAg,million deliver minute
UgwTp7XKJ7iAz_-b82l4AaABAg,find song type quot exactly quot
UgzAFenr2JOSxvUttjJ4AaABAg,reason meme href
Ugy_4_x2w4TlJir2L1p4AaABAg,malayali like adi
UgwQSGJ_akQL4lCDL754AaABAg,like judge reaction
UgyrDpVrLHkMaDkf_kd4AaABAg,people s corona br people survivor
UgwYwalaIsRX0wqXhqt4AaABAg,know song search dhvani tell aaj exactly mera break ho gaya
UgxZ1jHrQCU1iQYhYu94AaABAg,phone throw br instead search phone play basketball think rich right
Ugznz5wdF1EymYZ4bWt4AaABAg,ramcharan
UgxYa69PBgnCDmezQTB4AaABAg,watch june
UgywA2N1QANNu-UTew94AaABAg,literally come watch reel skam norway
Ugz7V2f9uAXbN4NHiBF4AaABAg,href
Ugxpywkb02seJPaPG-p4AaABAg,aaloooooooooooooooooooooooooooooooo
UgzjzItkPM9lDRyxwid4AaABAg,b b exactly b b
UgyY8Mq5tjajyZ-sDIl4AaABAg,dec
UgxUmJS5XGR6RiaHc_54AaABAg,memer like yo meme material br
UgzBEfn6Q-XYc2hcNzZ4AaABAg,href aren t far away mic sing
Ugzp8X14ph4eNHTGOMx4AaABAg,parent think daughter study library br beti href
UgzL-88TQ2gcKvu4rQR4AaABAg,href will ai ni
UgxUKjOaukWDzrvLvTR4AaABAg,href view million like k wonderful comment today friday october st soon billion view m happy dhvani
Ugx_z2bwaHudAYjTF6F4AaABAg,come see b view song
Ugz-iJg0wV15d48wQkh4AaABAg,wale like kro
UgxlR8LkYKTfbEdpuUt4AaABAg,exactly br come br
UgxrnHCYrnQbe3I0v8R4AaABAg,pet mein gana pasand
UgyNDNuJFCS_Xnok2Ex4AaABAg,today s fact decide fly world d need honey fuel
UgwrXa1l6nyixMCv1Oh4AaABAg,come youtube rewind probably coz idk iam br br br br br edit not read add quot rewind quot correct btw forget quot rewind quot tho d
Ugw_nxUfQIgJs_irx494AaABAg,href
UgwIh8v7Sq2j_dG8zgp4AaABAg,nice song like sabke vaaste
Ugxbz2p2MNXtu43o-5t4AaABAg,kis kis ka break heart ha jo comment ko like kry ga ma dua kron gi ka allah g sa ka gf bf ki milayn
UgzLDok0Wgn0n6Oh0ox4AaABAg,teacher population india br vaaste
UgxEEk-YXKtCxl6BOJZ4AaABAg,song new date
UgzJZYHrFnlqdqcI4cF4AaABAg,versi indonesia br br lirik yang saya dengar di menit href lirik lagunya br br pecel lele br iwak lele br tuku ra kudu gede br downloadte sak senengmu sing gede br br terciduq lagi makan br terciduq lagi minum marjan br terfoku arep mangan br oh bahagia br ada sate br kacang ijo br ditambahin melinjo br kiswanto kakehan ngebento
UgwIa68RILyIDiGGaiZ4AaABAg,notice english subtitle write
Ugyrgb9lXBzILWmcyvh4AaABAg,slide quality meme especially actress
Ugxs_gdfZPTxGHxpj2N4AaABAg,br br br
UgzN7UtJnu18G5GBhYV4AaABAg,href whisper crowd hear
UgxkH4_Iuuv6bPqZwXF4AaABAg,k comment video find comment legend ultra legend
UgxK4vwf0lZEkkLXfnV4AaABAg,example forget previous boyfriend day
UgwfdMnWWUsT_xkzaEp4AaABAg,november
UgwQ5xZlYTC1BoHVAl54AaABAg,hear like indian video br carry minati hold beer baby tube vs tik tok href minnati
Ugx6f24gpQOdMR-mkJd4AaABAg,orang indo tu pal bar bar ngg boleh liat viral dikit di ubek ubek seisi youtube
Ugx5gsChHnqMQAdI6eJ4AaABAg,yogi baba
UgwqMilml4fHqI0Xz5J4AaABAg,vaste lover
UgyzXGoly0XVCvbEFKp4AaABAg,surender sebarkan virus yg indo sebarkan
UgyN6nYsd6d7ZSHcoq94AaABAg,come read answer quora quot disturb today
UgybHjKzt7is-ow0Xml4AaABAg,june
Ugw8OfUCJl_4Uzdh-mF4AaABAg,oct
Ugz9b67y8KCP6GeT1F54AaABAg,r yogi baba
UgxUz9YG6za8jvTrARF4AaABAg,removed indian constitution
Ugw79yArTlYbko8MMMJ4AaABAg,ppl troll vocal song nostalgic bro
UgxF8lZjPNMMJd-SBp14AaABAg,b href itti upar se fekne se iphone ka lock khul jata hai b
UgydMlAD5RVEPeGXJs54AaABAg,href dekh buddheko
UgyuurmC0sErPhhksq54AaABAg,october
UgzmES4EH4-IjntuLUp4AaABAg,m come br cause viral indonesia tik tok app
UgytqPcdtFZ8dj23VwF4AaABAg,think cover phone survive br thank like
UgxdqqeKxh-R06NWjIV4AaABAg,href ye phone mereko chahiye saala vi manjil se gir kar bhi vaise ka vaisa hi rha wtf
UgyD0KIMRKeAumtftOR4AaABAg,kon kon br november br dekh raha hai
Ugybixy6vtPI5tB-lwZ4AaABAg,remove business appropriate time awesome perform automatically think perform automatically
UgxjfuMLk2w0_PJzazl4AaABAg,type quot skam william starboy quot youtube u know dude style copy
UgzEwGanQe4oKBUWQGN4AaABAg,come meme
UgxBnfefcaaPMziAVdF4AaABAg,november
Ugx0TH8R8y2S2RWRfIB4AaABAg,exactly aaj mera breakup hogya br sad fir kya hua br fir kya ko maine dusra pata liya br edit yaha comment iss song ki story line pr aadharit hai krupaya mai aisi hu ye samajhne ki gustakhi kr comment apna katne ka gussa na utarein
UgyAz4eVnZmlfIIzq1h4AaABAg,iphone not break br life lie
UgwdW1Sm92qYAIfnfpl4AaABAg,baje brkup fir sham ko dushroke sath nd girls logic boy
Ugy_ico1QAo2s7tZsJh4AaABAg,notice mom right hand
UgwbjU-_JlHTn7Fx4wd4AaABAg,stunt perform actorsnot real life
Ugwa8XXVPLgS_b_hN5p4AaABAg,low budget skam boy
UgxdN9PN-UxNj0Oghd14AaABAg,man helpline siddharth gupta complain girl
Ugy4Vcv0up4MqbNWDEZ4AaABAg,november december kon sun raha hai
Ugynp49rW4_E1DI8_rp4AaABAg,href ye kya ho rha
Ugzw17kW8IFYw5-Z7LN4AaABAg,tik tok walo ko ese song mai line jalndi mil jati h
Ugwq_2B7pSRM6_u47Kt4AaABAg,href rs kaat acting ka
Ugy09fTIIyIG3IwYbad4AaABAg,love song
Ugx0D5B4mvYfW9fLOE94AaABAg,kisi ko k comment ma sa br mari comment dikha like br krdo
UgyOKsZKkuCXdGDYq1B4AaABAg,href neha kakkar buddi version
UgzG0KO3NrzaTcJpi6R4AaABAg,href hate type girl
UgxGYNf5J3_xw2GdZuN4AaABAg,november
Ugz0QYCawziHTeKn5bp4AaABAg,accessorise femal lead pretend dancer remarkable unbreakable phone br song good
Ugz3F80O_Jx_0XWMFb14AaABAg,come oct siddharth
UgyhF_uHWs4W5s3Kveh4AaABAg,lovely sing
Ugxstiu77mE3hqyzEix4AaABAg,send h nice message song
UgyEnheO3VPMJWuG1dN4AaABAg,kon kon aaj ye song sun rha
UgxfJiMpeeVSIesIECJ4AaABAg,hero oppa typemiss day
UgxwU1KiTUeV99186aB4AaABAg,good song
UgzfZM5_SJtuT-39CYh4AaABAg,masterpiece
UgwqxuTruxPzkzhHl414AaABAg,love video
Ugy0Y31lho6zFmWwx5J4AaABAg,favorite song
Ugxp0Zq8OwDZS_bYdpN4AaABAg,good song
Ugw67nOlKQNaBrrPizV4AaABAg,kon kon october mai sun raha hai
UgzKxZYnwjW8XnUWRpZ4AaABAg,indonesia
Ugz4uzp_FeT9pC1SxNB4AaABAg,october ko koun sun raha hai
UgxOvjo6dZeEbTgwjTd4AaABAg,november
UgyXaKiJ1gvRJXq9wLF4AaABAg,like support
UgxpK9tGKv_zrXqaDmF4AaABAg,luar biasa br
Ugzu-Z6ZGFVqBU3Oa3t4AaABAg,mai kon hai
UgypEq1xkDUAVgMBuPR4AaABAg,day realise masterpiece exist own heart childhood
UgwIhD4ggaIa5q2_qLZ4AaABAg,yeh agar book mein likha jyata toh kitna pyara lagta
UgyAw3WQ0grF-rkMtb54AaABAg,today
UgyBnPfbvohGxIRRMMR4AaABAg,recommend movie watch
UgypTkLeQW9p4pfCRMB4AaABAg,billion soon
UgyOKETKWkOsafCC9-14AaABAg,nd november
UgxwnGEQszPIF0-wvlR4AaABAg,hit song
Ugwwn9tGISM8Vndn9Nl4AaABAg,word good song ka awaad mai deta hu song ko
UgzAFMy9enTMxPqPx-J4AaABAg,good br listen t song br masterpiece
Ugxz2CRLbCpau7nVqCx4AaABAg,congratulations dhavani crore family
Ugzx6-wYTJo11NypiLB4AaABAg,love song
Ugz7Fp-5LXjBqBTL50V4AaABAg,mehsoos br vaaste br maybe heartbeat
UgwgbqPVI_XlO9tEoFt4AaABAg,today
UgxKqsrRXbwpSrgQUEF4AaABAg,november
UgxkaaB6KYHHvXpY18B4AaABAg,day birthday
UgxFoQ4AL36y1rcfWCd4AaABAg,meri good song
UgxZobyMuFtd4PsdMFF4AaABAg,kon sun
Ugx2st_QKlGpxxZpr7x4AaABAg,well
UgyJkV_t23E8jXmlHU14AaABAg,wahhhh
Ugy7QWKFhjTR82a269J4AaABAg,november mai kon
UgxIcHueT_ANpj1N9Sl4AaABAg,wow beautiful song
Ugx4UD9-FZDMv5MCWU94AaABAg,good view channel
Ugwxf7lzcrtyEMxmdnZ4AaABAg,october
Ugycofb_N3spd4RDC3N4AaABAg,kon kon poular view tha eska ess liye ye sunna aaya hai song
UgyMBuo2t5OEiJVBGOR4AaABAg,tuesday november href href
UgzCmU3VkzQ8wQwMyt54AaABAg,song bigg boo yaad jata hai sidharth shukla
UgyGBgOOp3E81lgSGh14AaABAg,fun fact comment section alive yrs
UgxQY3AYS_ixhP1NEoR4AaABAg,woh kiya time tha miss
Ugz78iV4sKaWF3aQo9R4AaABAg,karnataka davangere
UgxQRTP0KmuCjec1tb14AaABAg,kiss
Ugzgg8EJpm50vKfwL3V4AaABAg,watch november
UgxZxvTc-vXT2WtcnB94AaABAg,november vale attendance lagao
UgwY3lvDv0Zz-cG4zCt4AaABAg,oct
UgyKYYJPQaEuBH-V0R54AaABAg,view ho chuke hai view bhi hone wale hai t series power emotional attachment song
UgyKfjY6I9Ep_9pTc_R4AaABAg,movie kya hai
UgyB6BdG6IDdu1wYlqV4AaABAg,br love song
Ugxxjp5SSXcEZpX3feJ4AaABAg,billon view
UgzNrXXJbcgrDoUDfmt4AaABAg,wow beautiful song
UgwTBeJ-mjt8m7XZpjx4AaABAg,kisi time jio phone suna tha aaj dubara mila hai ye gana
UgweE704lu_yQM7LvJt4AaABAg,song
Ugy23JZM7v7dzCAyrxd4AaABAg,january come soon
Ugywqhi3Ex8GnLh-jDp4AaABAg,wale hai kya
UgwZUJmKOulfH01jSgR4AaABAg,search movie song mujhe pata nhi tha ki bina movie ke bhi gaane bante hai story begin ho gyi ek movie bhi bana dete happy end ke liye kass
Ugwxa3RiH29MI-qDbq54AaABAg,kon kon abhi dekh rah hai
UgyLkhxSmnTSZF-avyZ4AaABAg,wale hai kya
UgxP2Kb2gTE9YyEMgZp4AaABAg,main bhi sun rahi huuu
UgyT843d8t0s5jSFZJh4AaABAg,today
Ugw7eert1NBy7c9mUEF4AaABAg,radhika rao vinay sapru create good story
UgwKZLQCRy34QkvRODV4AaABAg,movie
UgyBSl33SH4ZYAxti2R4AaABAg,watch
Ugz9FD6t4V2Ams1_k7l4AaABAg,jai hind dosto
Ugy1lIFHTgz3fa_UMSt4AaABAg,ma blash kar rha tha ye scene dekh kar
Ugx6Gg3iaOhv9X7-M3F4AaABAg,kon kon november main sun rha hai
UgyqnYhebReCT38TnNp4AaABAg,watch
UgwT3tCP6GGKF10Oqip4AaABAg,abhi abhi song ko kun kun sun raha h
UgwT9Ydxyek0zh5qQu54AaABAg,aaj kon kon sun raha h
UgzBbOUYe9pA9RLKD794AaABAg,href ma na dakha video song mugy pata ni tha yah atni famous ha
Ugx307w10-tznRcZO8V4AaABAg,vaste song nice song song dhavani bhanusali sing song nice voice magic
Ugx_d9laB1ld-NSDQPR4AaABAg,sabhi ko apna apna pyar mile
UgxZ_EHgkS3lcKJL5PJ4AaABAg,october
Ugyu-fyT2OYJ40wX3qt4AaABAg,hot world
UgwWad-48IUtzvpLSEJ4AaABAg,october kon kon hai
UgzJtcoRn4CDeiD2Kfl4AaABAg,kon kon abhi tak song sun raha
UgxljbJKlgkx22f0I7R4AaABAg,vibe
UgzDPmYk2oAIZqWAGHx4AaABAg,href cuteness load especially black cutee pie cute
UgxcNNDISQMjYtmiMXh4AaABAg,ane wala hai kya
UgwI0ck0k_6qXZfHx054AaABAg,november vale hazri
UgzEoNNCzPhtRnZi50R4AaABAg,wale hai keya
Ugw8TVg815ILJmYVmrx4AaABAg,kon kon
UgyYCh_NwgIHBXL_7JR4AaABAg,kon kon sun rhe hai sung
UgwePW_UEzBMoTzwL6F4AaABAg,october
UgytyIFc_8iy9KJIFj94AaABAg,kon kon mein dekh raha hai
Ugz2DuIc5n6E4m0v2u14AaABAg,kon kon sun rha hai
UgyvtK5SyEI4Q_h3KNJ4AaABAg,href good
UgwTqCETy9_pLIQU2El4AaABAg,kaun kaun nov sun raha hai
UgzmWozxbGkDZAh7wN14AaABAg,like
UgzANB9DZ5slZtPFKN14AaABAg,main kon kon dekh raha hai batao
Ugx16J5HUsZOSIDYerd4AaABAg,good song
UgxpK9wwZWhh43N-Lh54AaABAg,mohitha s
UgyE4M467BulinGKotV4AaABAg,october
Ugyfd_yVS1-zooBEtTJ4AaABAg,miss old dhvani song
UgyhSJxfcsIM1Xxo4UF4AaABAg,today
UgwtEuC3CwpOAMPA6lh4AaABAg,boy entry soo nice
UgyBimbvq1UhY3dEFPZ4AaABAg,love
Ugz6AqaQ6TnFt9_YcyJ4AaABAg,se lekar till end universe jab jab yeh gana sunoghe tab ka attandance yahi laga
UgxZgC-oIPGAisxZx0R4AaABAg,kon kon popular se aaya hai
Ugw7gzb1Tqh4TGSLprt4AaABAg,sogn good
UgzB7Lgzpk4QiTqbKVR4AaABAg,ka hal ha
UgzdljtAmxGSQkCjxkB4AaABAg,nice song br favorite favorite malang song dhoom film ka br nice
Ugz-v3md1TFaH-SyoWx4AaABAg,kon kon main sun raha hi
Ugxi7HRqeAHZvtvTeJh4AaABAg,come
UgydlbIyLDYZPYXWv_54AaABAg,wale hai keya
UgwK_njTpYXZHr5OTpp4AaABAg,maa kasam jisne like subscribe nhi kiya will exam paaka fail ho jayega
UgzNUgPzFv5NJ9sVw4t4AaABAg,wale hai kya
UgxXxEpHNe2vfHQekf14AaABAg,feel nostalgic
UgyNho1sjEK3xkusjIt4AaABAg,exactly view
UgykmwQZ3xhODSraV-14AaABAg,november attendance
UgyeBnlUrai0Nt3s9-B4AaABAg,href wrap cod
UgwKIraZtmEFW_J0q3h4AaABAg,bgs bgt ya allah aku jadiin lagu favoritku
Ugy3Uw3qEsbwMZ0b9Jt4AaABAg,november
UgynoQa56pLmWJFMPDV4AaABAg,high view song t series
UgyLiZF1kwgymYxBsb54AaABAg,href yah sirf isi vajah se par hai
Ugw2T0JVMeGUToliDzB4AaABAg,see th october pm
UgzMUeyvoiJaDf_geut4AaABAg,soon cross billion view
UgxvF5NnGxgtqCW7alB4AaABAg,welcome advance
UgySUTIijEEk_AXt12N4AaABAg,exactly aaj mera exam tha jisse mere age bethna tha will aya hi nhi bachi meri answer sheet aur ye bina cap ki pen jo kiska hai pata nhi bench k niche pada mila tha lekin ab iss pen ne bhi likhna band kar diya hai ab kya wahh kismat
UgziBtBtq3AKbQANXc54AaABAg,november attendance
UgwNd0kTrqetTU8WWWd4AaABAg,love song br
UgzBzAVU-8jB2raXIBl4AaABAg,watch
Ugwzrxz0lRB3m_EYN5t4AaABAg,href bro
UgwOlsbgidqUQoPzbUB4AaABAg,song nice
UgweR6LIX6qRszEqszt4AaABAg,year pahle suna tha es song ko jb mera pyaar meri saath tha radha arya
Ugz5uV-N2yhFVfsVxhh4AaABAg,hit song
UgyweUA_KKrjysuZoB14AaABAg,bahut achcha gana hai
Ugz-tOk67-EubBDkom14AaABAg,november listen masterpiece
UgzQSYQL4mHD2YdyHhl4AaABAg,din jeet liya bhai ne
UgyHwDErEkElSuPRjoh4AaABAg,listen november
Ugzw3EWBf1lvRoIuFfh4AaABAg,nostalgia br favorite singer
Ugx9i6u5-OtT1MW6mQ94AaABAg,href amazing
UgycLK7K0UZlEUa0Sgt4AaABAg,mai se aya hu
Ugz4CQz9tbNEj3xsXkF4AaABAg,movie plzzzzzzzzzz
UgyH7WgG-4IboXhjLpp4AaABAg,isn t kana kismaton ka likha mod doon kismat like mein tera muh na tod doon
Ugxpur06kw4qEwPWncd4AaABAg,href appreciate voice
UgxOXiHfbfxJdPJYBcB4AaABAg,congratulation billion view
UgyxjRZK_vAg_DU6i-N4AaABAg,ane wala hai kya jane wala hai kya
Ugy5WaXkIaN151RGAsB4AaABAg,song hit hard
Ugxw9WYwDSDCvOu-M3l4AaABAg,favourite song
UgwnlMBsPg14a5mli_d4AaABAg,wale hai kya
Ugy4iz1jYBDuG_NmbWF4AaABAg,love
Ugz3kojNNzj7b3yeEzB4AaABAg,oct koi h
Ugxq9_0sXaHziDyr5PF4AaABAg,exactly break aur sham tak dusra mil gya
UgxKGnddkrWSCzh0c9N4AaABAg,jisne like nahi kiya will pakka exam mai fail ho jaayga
UgwXzJCn_iGCgVafXtV4AaABAg,m watch
Ugy0gCVJlWyRAMUX1KZ4AaABAg,october
UgzvOHkjlZYBPQ__iXB4AaABAg,sundar ho aise
UgwSrv4LrhW53_4tQRh4AaABAg,wow br v nancy live cute
UgwkjDLjd2v5jok70_R4AaABAg,favorite song
UgxL1OMwwfl6oHxJhWV4AaABAg,time watch song nice
UgwI2cUVp4tlOLa5V114AaABAg,aisa song bhagwan bahut achcha song hai vah vah uski itni tarif honi chahie vah vah
Ugwvb35YnmXE4RVPWxV4AaABAg,nice song br wow
UgwEv2b91c61y60PKbp4AaABAg,nice song
UgxQ5SjYBRmc23RbQjd4AaABAg,br br br
UgwKCbcqzBekTDhgz2t4AaABAg,href breakup ho gya
Ugx6uf_dnIvd9XzUUZB4AaABAg,bale hai kya
UgyAIQBAPB9trpY34Lp4AaABAg,fav
UgxM7G5R2cPMi-91Gq54AaABAg,href kon kon meme dekh ke aya
UgwvLfnw9nJNHbFw3r94AaABAg,daily viewer
Ugy2brtm0JEwRLOzm5J4AaABAg,song break heart emotion
Ugz0iZuJvD-Ee6OBtUV4AaABAg,haram song muslim halal song week
Ugxw-06lQtoZihQjdHV4AaABAg,nice
UgzmD0LQEwLzJzDyfQZ4AaABAg,song
UgycouSrj3AYBilqxyR4AaABAg,vaste sweet
UgyNQGMdnicqTwiwG4x4AaABAg,tere liye mera safe tere bina mai jao kedar
UgyRRz5x_zByvEmsvKF4AaABAg,href sound track change
Ugxh3vfnxIx9oENvdOJ4AaABAg,miss
UgzSlW4GkKvPGtbwMNt4AaABAg,wale jo isko tv pe suun te
Ugz2ehXDMQHaGDt3kzt4AaABAg,kon kon sun rha
UgyqOUUmJNb9dF1Lv2J4AaABAg,href goosebump
Ugw602KToGiMJe7KyCl4AaABAg,vaste song favorite heart song
Ugxhef1mJnANjvDtC1h4AaABAg,href epic entry
Ugy8VgBzN3Q1KIqTie54AaABAg,vasta song bahut aacha lag raha ha ji
UgyRl9ebi-IIXj5EbsJ4AaABAg,hero heroine beautiful
Ugz1w6FINj14dxccjAN4AaABAg,wale hai kay
UgwYtyhUBzW6gzyNEdB4AaABAg,bro voice level
UgyvskPe65zUhAow-4J4AaABAg,favorite song
UgxycW9B6jGFVuEjGU94AaABAg,day nice song
UgzPByq5an3Y3ag9qfJ4AaABAg,favourite song
UgxRLl7YKf6PBN461V54AaABAg,beautiful song
Ugwc3VfWIaZlPMzF92B4AaABAg,br br
Ugxyr9Jv7Xros9b_YQF4AaABAg,movie
UgxeYHAWIf9rnALh1ap4AaABAg,like wowwow wowwow
UgziGRw5i9NlI-l4wtt4AaABAg,good song hear
UgxjvrPPtxw7ougDVcJ4AaABAg,bangladesh like
Ugx1rnqhTBX9kVIzlvh4AaABAg,love song yrr november yrr
Ugwe-Us3SP8Kk2GVJcp4AaABAg,view india population
UgwkQjtZmOsYBd-N10x4AaABAg,couple goal
UgwfiSFizE_I7Ln4UQJ4AaABAg,kon dekh tha hai
Ugw-GYfaRYqcBPjzUuV4AaABAg,thank million subscriber
Ugw5dB67om3QOMaFMbt4AaABAg,nearly billion view
Ugx5NpAcgw_HsRJh1fl4AaABAg,good song
UgxrYFtMj1T-fSX41ft4AaABAg,normal day india
Ugwuf6lP3ENdnHcKF4l4AaABAg,song close boy student
UgxZblzrR1StWSFJ_bR4AaABAg,october pm ha koe
UgzMJ4bF7n0l1QsxDF14AaABAg,mere pass gane ke lyrics hai mein apni singing ki start t series se karna chahta hoon apna pehle gana t series label par dalvana chahta hoon
Ugwl82ykLfwzFhd-jaB4AaABAg,like song
UgwiIaf_ULr7q8Nwi1N4AaABAg,know song view
Ugx8TMCzABt5Oz3TX-t4AaABAg,nice song hai aashiq banaya
UgzSPj3xmywAWo7r2Ep4AaABAg,today
Ugx3gCSRYhxqxF1IPsl4AaABAg,listen m india
UgyLkJxQMuqytajssF94AaABAg,beautiful song
UgzTsWakcDRd0cOgBed4AaABAg,like song
Ugz6vFc1Qsapc3JhTp54AaABAg,nice song
UgynpqbbcRLiG2dBQtN4AaABAg,kon kon t series ka popular song chek kr rha tha br br br
UgxJYkkiTfrKUPuYnGV4AaABAg,baru
UgwGZFuB4cceYTlwoPx4AaABAg,masterpeice
UgyuyT1iYQFLtM-GMBx4AaABAg,ye balveer return ki ananya yaha kisi ne notice nahi kiya shayad
Ugw5VA5OXMHS2ycXi854AaABAg,amazing song hai bro
UgzPNcKNnXWnUssY8m54AaABAg,don t understand word br feel
Ugz8XKzxh1oZXw2HhKN4AaABAg,good
UgyvduzrROzWFsTseL94AaABAg,wale h ky
UgxqoWD-onv8gcfukeN4AaABAg,nov
UgyzQbBInmz0AaMCROJ4AaABAg,love song
Ugxc_AG97gllw5DoK8R4AaABAg,love khikbai mahant love maa anjali
UgxJOccNPRFcJFOtwQJ4AaABAg,vale
UgwGiMMAP2wND2oU1Q94AaABAg,nice song
Ugx1gQSMLXlctmWDmyh4AaABAg,href add scene melodious song
UgymmFLQoPpuHkKcM7R4AaABAg,hurt
UgxXvNDSbONdI6_23OR4AaABAg,b thank subscribe b
UgwYMuGJwJBVRzBHgft4AaABAg,main kon kon soonraha hai
Ugz_WzbPKJ8QAeZeMot4AaABAg,song upload karne ki parmition chahiye yes ya bhai
Ugzx_G8m1etD7TXEXkZ4AaABAg,favourite song
Ugwg4iK8SYJxxBPF5zd4AaABAg,october mai kon kon dek rahi hai
UgzE1L8G9y89rZueUt14AaABAg,thank href
Ugz4FW-RnKHVkNDQdo94AaABAg,nice song
UgwWIGy3cRgHIU7-gGJ4AaABAg,sunta sunta assu nekhal gya
UgwvZhU73GcGv9Y5_pt4AaABAg,favourite song didi
Ugz5zEcZicBKd0q0RrR4AaABAg,aaj kon kon sun rha
Ugzk8gETr-fE9QZIzvB4AaABAg,href good
UgxSYMNCZk5zYk0cLy54AaABAg,good song
UgzUahZ078mgLpnmJDN4AaABAg,hai
UgxNwctibi5CWPA0UKx4AaABAg,taday hare
Ugxk4VGR6o_4v_QhEG54AaABAg,nov wale hazri
Ugyjax1y8TmX8Ii8o7p4AaABAg,jis time ye song aaya tha time hmara new relationship start hua tha aaj ye sun ra hun sb khtm ho chuka h
UgwWLqdMbp8bibK5fDp4AaABAg,aalu khao
UgyUMSA6gNK8Uxpcrlp4AaABAg,favourite song
UgwKWRCt58ACuodaWOd4AaABAg,october
UgxKsPp2P9EIAJrkGqV4AaABAg,good
Ugw4d5sSMisYz0PbmOh4AaABAg,lovely
UgxgF8RQP-dbZKY13uF4AaABAg,october
UgxoxZGmoiX24bO_cBp4AaABAg,nice song
UgyzxHmVK6hvYIZBeBN4AaABAg,href song
Ugz0XSFSb483OLp6ZA54AaABAg,umme salma siddika
Ugw3thduSkl5yPw8HFh4AaABAg,cook href min
UgxN0z2nuvLmyp2AEHJ4AaABAg,title
Ugxvyo7FnBPW7lGp2hl4AaABAg,riya heroine
Ugz3SuKpoXtWSUq4If54AaABAg,mai don t know song
UgyeeaXT4n0wcun0T9V4AaABAg,love v
Ugzn97Qz1zv08CXupQl4AaABAg,aso
UgxbmZAOL2UFmMBWuGR4AaABAg,myanmar
Ugwi29XWxSsUYYcLtCB4AaABAg,exactly aaj mera exam tha par jisse mere aage baithna tha will toh aaya hi nahi ab bachi meri answer sheet aur ye bina cap ki pen jo kiska hai pata nahi bench ke niche pada mila tha iski ink wow mere exam mera sathi ban gya pr ab shayd pen ne bhi mera sath chhod diya kyu ki kuchh likha hi ny papper br sorry
UgzjQRFS7ZV7yGPgCQl4AaABAg,beautiful song
UgwcWKcLDhFCUAfpAJB4AaABAg,cute song
UgzgzJ5qqkVfvpi4Wbh4AaABAg,kon kon november sunrahi
UgwkOI5xBDyjLBTEAFl4AaABAg,favourite song
UgxmNMxkXvtonbVmxTh4AaABAg,ladki ka aavaj sabse achha hai
Ugw7YoWrQ5kEMrRrAj14AaABAg,favourite song
UgxhTBU7sHO8QO_wOnN4AaABAg,love song like
UgxEtA3t_Pjg4VeU1BZ4AaABAg,covid
Ugw0LI3pgNl2qSFs6ht4AaABAg,nostalgia
UgzdGDGI-boyobJaRjh4AaABAg,dhavni song osm
UgwkjDYFnknVRioiUfB4AaABAg,november kon kon dhek rha hai
Ugzj3xtLWwelNbWmDVV4AaABAg,wow song
UgyE8XgM0U_yvb7FLqF4AaABAg,watch br
Ugy41fQp1zS5YtX6nqt4AaABAg,thank subscribe
Ugw5X3q98cAy76ADGIN4AaABAg,nice
UgypRU-sKCesuhlMHid4AaABAg,nais song
UgzIlzRdrndhPE3aYfV4AaABAg,nostalgia
UgwiqdwOUnSJM2P4z-t4AaABAg,mypraveenjaan m oct mei sunrahi hoo jaanu ummmmaaaaaa ray love u sooooo ray daalu
UgzGzIpFC_JhMABybpB4AaABAg,bangladesh
UgxR568vuIu55KJiUDd4AaABAg,october listen song
UgzzOhRU56Iriz6AArV4AaABAg,like wow voice mirch ke liye itne
Ugzpr1eYAOqs0EGZKzJ4AaABAg,href cringebutton br
UgwU0fMktTK0FvqeIpR4AaABAg,aane wala heh month ke bat
Ugw1qfEftvm_GWy0iTF4AaABAg,vaaste soo good
UgxMXeeqW7GLf2Tcbgx4AaABAg,kon kon popular dakh kar aaya hai
UgziETDpLz3K6Key2894AaABAg,nice
UgxKmxEjiYmkHgVUpap4AaABAg,think important sing auto tune givinh phone owner
UgxAu2kAqo3Vb8Whujx4AaABAg,listen
UgzamvRShN8Pr8G9irJ4AaABAg,sweet
UgzgyNHtx73ht7UD1hd4AaABAg,favourite song
UgxJvaZOGUCzSA2Y1dJ4AaABAg,good song
UgyY5Al5MHlQ-RbJO8x4AaABAg,muito boa
Ugz89K6T0mvl5QBdE7J4AaABAg,cute
Ugwc8mul9bhPxBzlsXd4AaABAg,super like good
UgwZ4IoBgrFvr7Icncd4AaABAg,miss song
UgzolPKerD8A07l7QWd4AaABAg,wale subscribe karo
UgyGBJ29RxS8deNP0yF4AaABAg,nice song
UgydUEr8moIXy6vuLWN4AaABAg,href indian capri
UgxD3ifuF8qfME8JGsh4AaABAg,kon kon abhi november sun raha hai song
UgzjeP8QQlUba7mWASF4AaABAg,vaniii batra
UgwhY714iXEBXJJU_sh4AaABAg,yaar ajj bhi yeh song log sun rahey hai wah
Ugy4zUT-yka9ZvQjOt94AaABAg,favourite br
UgwUxEzAv5lMGnDnUhp4AaABAg,watch october
UgzSC4caJrFp-GVIvgV4AaABAg,fevaret sang
Ugxmk0jso2M7NWv2YJR4AaABAg,song love
UgysjoxNl3zcKim4nJR4AaABAg,b b br
Ugx0eyMHAtEjdIO29Fd4AaABAg,damm know yash bhai sister know see lan see damm
UgzdjXPRCzo5BFou37h4AaABAg,bhai wale like kro
UgxbO_Z4j_GnZw4cpXR4AaABAg,kon kon b sunyga ye song
UgyQvI0dgaDBSLzAzgp4AaABAg,nice song
UgxkwTsnjCETQ6dCws54AaABAg,good attitude boy
Ugxmg4FNnqcn0G2wa-R4AaABAg,like
UgxrhBFVqsYgj3UtAu94AaABAg,suara mu bagus bangad
Ugxjn7MOJzwjoUQyTrJ4AaABAg,listen guy
UgySzRiWVKGqu21ngfV4AaABAg,listen
Ugz3YRX38IQc-d-y6it4AaABAg,s button
UgyfjugMHP6G7-08Y954AaABAg,billion view
UgxdQVEhqTAYPOeS1r54AaABAg,wow song soquit
UgxEkVMRf9804FyV7c94AaABAg,october
Ugyw2YV-B8jYbRh6Kfl4AaABAg,bhut aacha hai
UgwkMAG95CnY_IsP1G54AaABAg,don t let song die
UgxX3xezGPJ5cfgePdp4AaABAg,ismein sumbul touqeer bhi hai
UgwIvUIDJq3pZPmctVt4AaABAg,veri nice song
Ugz38sWIyLfu5R1LwnZ4AaABAg,s january
UgxyJm4eOyFDyb8d8JZ4AaABAg,nice
UgylBwGLtmQnaJLE0rB4AaABAg,tell s movie song childhood favourite song wanna watch
Ugyb7sys-hMlNBZdhLR4AaABAg,href good sin
UgzD0Z7_dZwtWCEqhrd4AaABAg,line good
UgyrDrrKEFZrhg3wugR4AaABAg,november
UgyBg7kZoJoP5Jz1hPx4AaABAg,november k
Ugwj6cLmO_I-HLUWkmR4AaABAg,nice
UgzYESLdrQw0-jElB254AaABAg,kon kon october wale attendance lageo
Ugwl5v0jCZeOnHCvf-R4AaABAg,legend wachin
Ugx46QkchcfWTQh5lqB4AaABAg,gane maine comment vajah se dala hai kyunki agar main duniya chhod kar chala gaya tab yah comment rahega kyunki gane bahut jyada ko mita chuki hai aur main duniya chhodkar ja chuka hun href mis apni khushi
UgyBtp1C-PiOWYP43rB4AaABAg,nice
UgyGL7l0paF8rEkwFed4AaABAg,s october
UgxoPgia9F1hQhhOGhZ4AaABAg,siddharth gupta
UgxabRxcGzQgKzsJB3p4AaABAg,nice song
UgxOw1kLLQlhRzOkYYx4AaABAg,thank k subscriber complete
Ugx5OQWfaWlKRvq9gb14AaABAg,diwali ke din kaun dekh raha hai mere alawa
UgwNVlOrosro6nYjr0Z4AaABAg,sirik o eman dhongsokari song song
UgxdaZfgsLYQLma2pwd4AaABAg,oct
UgwWDOTfek-OIeBd97t4AaABAg,haya
UgzGOuhfbPk98w-CsRR4AaABAg,love heena
UgyKr2T7GVAMe9nciRV4AaABAg,aloo khaoge
UgxXhWPDlSSFMMOc6KZ4AaABAg,movie
Ugzs5DLGoXxzTbQbMwR4AaABAg,hear
UgyzPHz77B9D2Eg5nkp4AaABAg,br k br m like
UgwBm5inPNwnkg9F6mJ4AaABAg,aney november
Ugzfiuwq7ZNvUo59mpR4AaABAg,mera kal exam ha aur dekh rhi hon
UgzJOhjyFjqdmhzTbJN4AaABAg,september
UgxeROIqMe3Np8_a74t4AaABAg,ai gaan khob sundor
Ugx8_SsZU1s9WFPZlvt4AaABAg,october
UgxGXhOadWiPQvo4nep4AaABAg,nice song
UgyJ9svnaXgEKO91u8d4AaABAg,href
Ugx3X9ErYDE5JRTZeMp4AaABAg,good
UgyDCAmP1pSpXc-dQiB4AaABAg,nice song
UgymUnkVBHgRVgkJaVt4AaABAg,good song
UgzIZ2ltZk3O55Lvezd4AaABAg,exactly aaj mera exan tha par jisse mera aage baithan tha will
UgzLRHXDLVYmOc-BGl54AaABAg,b view
UgwneLw6sX_iZ8n3-8J4AaABAg,aj tarik hai
UgwArwibd1rvyiQj_D94AaABAg,november hello like
UgwgzLfECQtFK7rhzn14AaABAg,jinka favorite hai ya song will line ma ajay
Ugxof8ntYc8CQotU3fJ4AaABAg,koi roblox khelta hai
UgwMLSYs4TBOemWVFkd4AaABAg,super song
Ugz_0rUyeqBHafHMWJ14AaABAg,good
Ugw-mSZyDZBR39ChBGp4AaABAg,love song
UgyaafZerLsiyvtHHAt4AaABAg,fainali bilion view
UgxYJuXRW48OpqexJ594AaABAg,june
UgxejZzZsy2jkQhzQil4AaABAg,october
UgxodgH7qdVmyQ9sgh54AaABAg,october
UgwP_oOe2JOjLj2YhH14AaABAg,free fire oppppppp
UgynhYw1FEZEHBVMtRZ4AaABAg,mast
Ugw6rOJuJsy3lwOwhbJ4AaABAg,november
UgxfbAFiAxrnCN8Dx8Z4AaABAg,october gt gt gt gt gt gt gt gt
UgxKKwjqPdIWuCJRGIV4AaABAg,href bina chocos ke dudh nhi pite hum
UgxFd8CcqEH9Z7zz9RB4AaABAg,exactly aaj mera exam tha jisse mere age bethna tha will aya hi nhi bachi meri answer sheet aur ye bina cap ki pen jo kiska hai pata nhi bench k niche pada mila tha lekin ab iss pen ne bhi likhna band kar diya hai ab kya wahh kismat
UgxxwJMcGFcdPNzLzfp4AaABAg,good song
UgyOq_hvK2SbkYaQepp4AaABAg,love u myheartmypraveen ummmmmaaaaaaas jaanu love u sooooooooooo
UgyF4VGNXdoAx39XbiZ4AaABAg,movie
Ugx3yEOLdLqGSu6mtGh4AaABAg,nice
UgyNLf64WfN-4r3jCqF4AaABAg,kon kon october dekh rha
UgyP5KcxHrrgiQeSt7N4AaABAg,wali line ma ajay
Ugw91B5caDS1-mVYL4V4AaABAg,href sorry mai glass peeta hoon
Ugzp37QEWTZVIHF-AvZ4AaABAg,jay jagannath
UgyEd-vm3U1yH6NG4lF4AaABAg,alu kaoge
UgxyMfI5fGpzBvqziu94AaABAg,nice song
UgxQy1fUs-Yq3xQi9ap4AaABAg,mein hugu karta hue kaun dekh raha hai
UgyWHvt_Lq7NvRwdg4F4AaABAg,sad
Ugz-dqV197_lhesw8nR4AaABAg,add billion
Ugw8JtSCzWa6j40wHid4AaABAg,time bohot ase laga
UgxkbtIx-fGtVWYzJ0d4AaABAg,movie
UgyRYMK_s3Zag1DjynV4AaABAg,href skam norway
Ugx6TPAcNBA3Tbe4ZTV4AaABAg,favourite song os favourite song thank de
UgyTMa9Qs914gPvwHcx4AaABAg,lekin phone ka password kaise pata chala
UgxsoKUewgHnympbg5h4AaABAg,kon kon hai
UgzUXVBJ9xYvOGCMATN4AaABAg,href aloo khaoge
Ugw4xRx_ByJY0T4if_54AaABAg,nise
UgyyHClKv2CFHhJIVRd4AaABAg,hamara wala hi alag hai
UgzTz0Gs71P7PFyGml54AaABAg,exactly aaj mera exam tha par jise br mere aage baithna tha will aaya hi nahi br bachi meri answersheet aur ye bina cap ka pen jo kiska hai pata nahi bench k neeche pada mila tha lekin ab iss pen ne bhi likhna band kar diya hai
Ugw6FB9FeR-wnlxfb8l4AaABAg,november people entry
Ugw-tX7aq8ZNbCIj2YZ4AaABAg,ji yes
UgwqCUnBPZII35DDjmJ4AaABAg,exactly aaj mera exam tha par jisse mere aage baithna tha will toh aaya hi nahi ab bachi meri answer sheet aur ye bina cap ki pen jo kiska hai pata nahi bench ke niche pada mila tha lekin abb pen ne bhi likhna band kar diya ab kyawaah kismat
UgzbyQ-lkzt6x0qz_Ld4AaABAg,favourite song
Ugy9vRc8pOfbKkzamQp4AaABAg,november
UgwKDuD0GjURX2719A14AaABAg,gin na
UgxIyj1XpS1mf-jboF54AaABAg,wale hai kya
Ugx4uJAyCo8cwRsdzlp4AaABAg,movie
Ugzrun2MYb-EyCinANh4AaABAg,hum hai november
Ugw6E-JbEmVgYbtXHJN4AaABAg,wow excellent script
UgzPM-CTJUe-8ehKVkx4AaABAg,sep
UgwZ5dnEg3TaaxP7aHl4AaABAg,wale like
UgzPWG3QeecMNjHXHU54AaABAg,ts ahh subscribe channel
Ugw5Tb38PF2wWZch4iV4AaABAg,ga main langsung masuk youtubenya t series youtube dg susribe terbesar kedua di dunia
UgzE_wGGmI7_PXAuVgF4AaABAg,skam entry scene
UgypLx7HofCI4f4O5QB4AaABAg,october
Ugzb8eU5U7qu4HP90Et4AaABAg,kon kon sun rha hai
UgyDHZRWgN5frv4OqTR4AaABAg,ha bhai mo lelo
Ugy__oQ1re1GEDXw-eV4AaABAg,movie
UgzLJfRF7YIpWxFsJVN4AaABAg,vaaste
UgzFD5cEfkcWKduAJl54AaABAg,href dekhna ek bar
Ugy6Tl-LObkxEXwsNcx4AaABAg,jana nayagan
UgzG-BFj5i6IoVzMl3t4AaABAg,november
UgzIW7rHH3mpBYotIeN4AaABAg,pira rha ra
UgxiMrzwv-QGMqi4hid4AaABAg,movie ka nam kiya hai
UgzeJwBnq-1h-U1DDmx4AaABAg,great href
UgynjCQal0uSYFJo-Tl4AaABAg,love
UgzOFsdP3EXrr1zKT4F4AaABAg,koi hay
UgzIxskB8purzKtkdAJ4AaABAg,movie
UgwgSJU3CUuV_CEUA454AaABAg,movie
Ugxja7kQ3QcsA6hs0UZ4AaABAg,movie
Ugw9JohJ-AqnED7m56t4AaABAg,movie
UgxJHJ33mFhf2BUBkb54AaABAg,pata nahin vidyut jay hind mataon ko pranam
UgyUa9xlDBiuZQuB3gR4AaABAg,movie
UgwnEHVm8stu0rxVXiJ4AaABAg,clock aj mere bhi exam tha sabse ade beta diya sir ne
UgwKKg2KhzWCDY9CkRp4AaABAg,hi hi hi
UgzD7jo_hlxxH9UkSOh4AaABAg,bhai kya hai jitna sab kuchh bataiye maro mujhe maro
UgyGkyJk87MThXU5luB4AaABAg,op song
UgwmVCDARXBRUHdjb2x4AaABAg,today
Ugz3Te3BsuuscLkk72F4AaABAg,wale
UgwY29_y_ZFrxeGhYbd4AaABAg,movie
UgybRT4unKvxp9ZAazx4AaABAg,maduma hi
Ugw5ZueJHKSDfZ_5rql4AaABAg,movie
Ugw7RUOMCtJvQ7AGuzt4AaABAg,song movie
UgygN1VFU6G1tIqKqT54AaABAg,movie
Ugzsl43wNWpWyYMgezN4AaABAg,movie
UgzEjcfa57FIqNVQqVp4AaABAg,iove
UgylP77KH9OJN8M7Ggp4AaABAg,movie
UgzGTbd7VpErlRTpBVV4AaABAg,movie
Ugy1gCny3e9-FoLJfBF4AaABAg,movie br
UgwoTkvxM2QiQtRbjBd4AaABAg,vaste song closed song
UgwXyCHuAzEmyTHh88l4AaABAg,movie
UgxQsA2gYmUlzEvQT2p4AaABAg,siddhu muse wala real
UgwTmFbWnz4o9q674z14AaABAg,href wakeup goosbam
UgysBtMSdlFdFHNvNWR4AaABAg,movie
UgyetHOnT_Lr1qMUTrV4AaABAg,november
Ugx1f_brUXOfMQnZyIl4AaABAg,october
Ugzuy-y9JbJmmf4_3eF4AaABAg,movie
UgyLxGnmEn1YBNE3bDt4AaABAg,movie
UgwymaubgaCT-4I1rLN4AaABAg,add billion
UgxIWfXdOQyOi73lJw94AaABAg,video
UgwLkE9fkHG09hrLu_B4AaABAg,nice
Ugzt_AFROgXovqU_X7F4AaABAg,add billion
UgwTaShW2ZmxJGlab_14AaABAg,href
Ugwa5w0TQMovTxrwpTl4AaABAg,love
UgwHILllqREhmB6HhB14AaABAg,vala
UgxyYXh_XftlnX0fu114AaABAg,movie plse
Ugz8zJQ8TfQjtIMxpBF4AaABAg,good
Ugxf-kiBObnGlUisZrR4AaABAg,bangladesh
UgxoQb8ZTi3xnOwOF6t4AaABAg,wow
UgzUytVFYzjtvpMWHaF4AaABAg,way ts
UgzDThMpK29wJagH7Qx4AaABAg,href ye toh record ho rha h chl nhi rha
UgzxJCWnlrlvo3XGCKB4AaABAg,wow
UgwOXx3sr6owVnO0u3F4AaABAg,oct
Ugx1FqdmnOecl-g_V5F4AaABAg,throw
UgxbjYhRyZU-_p-5RSl4AaABAg,radhey radhey
UgydeoGlcFY3SCQcKUV4AaABAg,href
UgxkO800NG2ml9oPLyB4AaABAg,wale hai h
UgyGlxrccwzb9K2jxw14AaABAg,movie
UgzGg94NnCOdocLHb5R4AaABAg,ye kon sa college hai
Ugw5GCCjzeehm1MADVN4AaABAg,wale
UgwhzSR7f1gvjkPUDlp4AaABAg,happen
Ugyd5FoZxetP8EIQ-Ph4AaABAg,half ke hi h
UgyTqSEK1QuGkaqcX3Z4AaABAg,haaa bhai ham hye naaaa
UgxL1AbvjJT5l60ZSP54AaABAg,wow
UgxdF-ueTDLKl-LVDtN4AaABAg,kya hain iss gaane mein bhai b view
UgxlovHfGhWJO8-Ieml4AaABAg,kon kon dekh raha h
Ugy_pwHYNQj_X2NQuex4AaABAg,age backwarde clock age br
UgyVFxh04rDc43Lrh2J4AaABAg,nice
UgwofbpMVFY9mIRpa-h4AaABAg,href
Ugy--S7GIm-OptwqhuF4AaABAg,siddharth gupta bhai ky hi bolo teko safe
UgzpCQWwf02qYjxEDrd4AaABAg,well
UgxJFyCOAfODc2P-tJR4AaABAg,ts ahh
Ugy6U4ADdyytpAhMlOp4AaABAg,ye konsi jannat thi bhai
Ugw5Euj2uRPDe83jJzZ4AaABAg,tiktok ka samai ka gana
UgziHNSvL-_PW89h4PZ4AaABAg,movie
Ugynt_w1_AF1A4l_z1J4AaABAg,date bangladesh
UgzEqKWKcflqW0JSd2Z4AaABAg,today
UgwrsaSTzhncPrLH-y14AaABAg,ctober
Ugzx7p19XJ-2UQHenrV4AaABAg,nail
UgyTDkLFKcq0M0Cdgeh4AaABAg,hi href november href
UgxxTdPDaX5qGgVet2l4AaABAg,l l
UgyDil5LvwcOGUXSX8V4AaABAg,jo bhai dealy ka sy hzr rupy kamana chahta hai reply kry
UgyKSQa-E3bJQVqqAjF4AaABAg,jo bhai dealy ka sy hzr rupy kamana chahta hai reply kry
UgxwAlNTtOzYVXruASN4AaABAg,href
UgzemGNGbZSNULcC1Bx4AaABAg,mike like toh mein job chodu
Ugy4O-lwLTOj-DU-hFd4AaABAg,sabse good song
UgxDCdSYYgKHJVIqtr94AaABAg,href
UgwFA7fEZF1r3NQzmRB4AaABAg,sirik vorpur song
UgxdAieVno72cnsdS6t4AaABAg,thank subscribe
Ugw1ewAfxYCo0rCFdy54AaABAg,bollywood fonctionne gr ce au n potisme je suis presque certain qu il n y aura aucun nouvel acteur prometteur dans ce milieu tout est biais et favorise les personne portant des noms de famille c l bre
UgyHbFWbY6flXwvi-XV4AaABAg,movie
UgyWWdOzUgOkHRN_zDF4AaABAg,iklan lama amat si
Ugzw392FjIMbg-pQkPV4AaABAg,bakavas nahi hai
UgwFMOx0H6YcG1cHNgR4AaABAg,href chord
UgxbfC2W2nYxbLfWgsB4AaABAg,aloo khaoge
UgyF51dStiKcR6YGGnl4AaABAg,href hai abhi bhi
UgxZ51VVREf3hwbTG4p4AaABAg,href jaun kidar
UgyrABILlMxS9LLS9st4AaABAg,aloo href khaoge
Ugy3o0SSFMpz3eWPZVt4AaABAg,khair song sai ha href href href href href
Ugwq1U9Sev3STsRcWr14AaABAg,nice good beauty favourite song
UgyKlNdX6a2phWL7bIF4AaABAg,dear
UgyrWJcjgh_6iEjuosF4AaABAg,href
UgzE5RPsZsOUPbkrYQh4AaABAg,oct
Ugzk673o7P0_5sOXH2p4AaABAg,href sry girl horlick k sath
UgzD2ATdmzuBkGAhdAt4AaABAg,kya ho gaya bhai yarr abhi tak billion view complete nahi huye hai kaise
UgxGciag-MCLl787TCd4AaABAg,hello
UgzAHLpbjE_0uydPPeZ4AaABAg,aloo khaoge
UgyICKSgGYJ5zJFrK9h4AaABAg,ek bar fir
Ugwk6D8bFy2FyBvOOiR4AaABAg,gane mein kya sikhe
UgzmQQrhH9tHbGxMXKN4AaABAg,yas bhai main khaunga na aalu
UgxIY7IIIvnScvVv1s14AaABAg,href
Ugy0hO6Dyl79wg3_58t4AaABAg,present
UgzNh9uXW_8116-91XB4AaABAg,ladki apni uta kr sara gana ka maa bhen ek kr di
Ugylg62h99EEQxmkPC14AaABAg,hii
UgzyBCmz7g8xZsN4opl4AaABAg,favourite song
UgzM7HnkAxrQNSFqblx4AaABAg,hii
Ugy0U-C5sz9Jq889Z094AaABAg,href
UgxwEQnczsFBWLwVuWB4AaABAg,tik tok mix hai
UgxaCNVL7lWSj9-cLiR4AaABAg,href
UgzHx9CMT6tEwIBLMQB4AaABAg,algu m
Ugxt2pDkGRShZu4RQj14AaABAg,nice song beautiful
Ugz-bqRoczBi7QCGQp54AaABAg,aja zakir hussain
UgyAvb-Kp2ubqea7VLZ4AaABAg,href
UgzE_fhkD7VL-WSc2xB4AaABAg,hlo
UgxM50aOP2BYq-Ft_nN4AaABAg,bro
Ugyekq-41FmQRA8lxex4AaABAg,lagu old
UgySxWVLUdfPpS_9-RJ4AaABAg,aloo khaoge
Ugy2grCsrCu9S6m4eiB4AaABAg,tue oct
UgxADu4J9nexXZq3cLl4AaABAg,november december
UgzjB_l0F5GFM_qIwpN4AaABAg,october
UgxeCGwdPWKfNN-XjLR4AaABAg,aloo khaoge
UgzuRLq-RGPN2ejFdNR4AaABAg,href ldki kya dikha rhi hai
UgwVFZHx597TEG5vlaB4AaABAg,naujubillah bin zalik
Ugwmwt74J7DuveYyAKJ4AaABAg,muvi
UgzyNpnZiv5k_JVmAPp4AaABAg,bye
UgxgD1bNPe47tr94EKV4AaABAg,woow
UgzOPa9Vugh33DsaibJ4AaABAg,koi aaj
Ugxx210mBHm6p00y5gB4AaABAg,mein hu bhai
UgznBLd1rff5xXhKz4h4AaABAg,jew
UgynQsIvzxeT9_OGXL14AaABAg,href
Ugwdr2neUMQqQO_eaZN4AaABAg,m c b c
UgzTFlcqN5JZCI1MxhV4AaABAg,href
Ugwvl2ykf-Te_KYBcPF4AaABAg,cast video t shirt wifi fahad g kainat follower list
UgxtWGzJkpQSt5F28St4AaABAg,href
Ugy_19DJwSV_pmOA9w94AaABAg,href
UgwZDfy58cEkRxz4jiJ4AaABAg,comment
UgwKXteWt33Kc-iJtSF4AaABAg,ji hmmm
UgxoXYvsLJSlIlhiX254AaABAg,f k song ithne achi kya
Ugy6PVCYvCWEa3J_UzZ4AaABAg,href
UgwZ3QB5a_cQ0HnyHIF4AaABAg,href
UgwL44rtafwpbJnmSxV4AaABAg,kya backcodi hain
Ugz0EgzMaWgoL8N6qPF4AaABAg,href
UgyMj2lmd23Pb3gEBqB4AaABAg,cute song love
UgzD-BwQ-ZReafboSqd4AaABAg,href
UgxORwYoCLRVr8V-TXR4AaABAg,href bro you watch br s talk scene br m minor watch scene br call pervert different language
UgxofckD0IQKE-ZgI3N4AaABAg,auto tune
Ugws-HS6ct6_2xdErh94AaABAg,og hu hu
UgytIHnT81G8QWIb84F4AaABAg,aloo khaoge
UgwK69enr38lys3IJ_54AaABAg,hehehe
Ugy06QAIL6B_yKg6nkZ4AaABAg,hell india dude
UgxvtORCDUZiJTp4XGN4AaABAg,update
UgxksQfO25YeDIVDafR4AaABAg,njirrr dah merasa pal keren
Ugz5Pc2XSgFBsTbb7tR4AaABAg,zoho
Ugx2hTbhLBkwc3gDCvN4AaABAg,rat
Ugw2Qhlr8C7MYStCaUR4AaABAg,cid
UgxBpmMP4Q__pr0io794AaABAg,href
UgwhJ39J3F19EdOlkUR4AaABAg,love song
UgxAx5gaoVS4PlozBuR4AaABAg,href href
Ugy7ciOFM4yZVlssh794AaABAg,chapri song listen
UgzUZcmV3jeQX3Jg8rt4AaABAg,binod
Ugzf9DKx6De8Ls4v5t94AaABAg,subscriber
UgxFhWQAYhLwi6cO8lF4AaABAg,bhai uske mu mic ka href
Ugzhytte3Z30_EexepB4AaABAg,moto moto blah blah yhdist
UgxCcBSRZa_s-Vp7YIF4AaABAg,view
Ugz6I6n7JbSKGerUvRV4AaABAg,haram song
Ugzk-qVDCGaORbRFlAh4AaABAg,great song act zero m hater direct act man horrible
UgzfYC6Q4BR9VnZ1iH54AaABAg,lpp
UgyxioVtK6XLomjfEGZ4AaABAg,overrate song doesn t deserve view
Ugx5s_XxnzFMRz-iRPh4AaABAg,bakvas song
Ugy2emdRwmKFuBc-EwB4AaABAg,song suck america
UgwNiVr03CECpxrhb2h4AaABAg,chapri
UgzTE9EkUAMEN-d538x4AaABAg,chapri
